QADate,Unit,Energy,MU,DPF,ADPass,RDPass,AD,RD,D4DD,D4DTA,D4Gamma,Area,Circumference,MCS,Span,CoA,MachineType
12/08/2023,NA12,6X,730.1,400,75,90,97.9,100.0,0.0,0.0,0.0,81.46802777777778,54.48133333333333,0.52955,14.90936323117533,1.4953383625788241,Agility
12/08/2023,NA12,6X,264.8,180,75,90,94.6,98.5,0.0,0.0,0.0,20.246638888888892,21.970888888888886,0.304597,5.351385397136275,0.92152115425462,Agility
12/08/2023,NA12,6X,601.7,400,75,90,94.5,99.9,0.0,0.0,0.0,119.35933333333334,63.0328888888889,0.390134,17.969415034503648,1.8936040444494584,Agility
12/08/2023,NA12,6X,316.1,0,75,90,96.9,97.7,0.0,0.0,0.0,10.454694444444444,17.52122222222222,0.175911,4.275007415716685,0.5966875091159293,Agility
12/08/2023,NA12,6X,587.8,600,75,90,96.8,99.8,0.0,0.0,0.0,237.37960317460315,104.58698412698413,0.440445,22.186466160536142,2.2696858997902556,Agility
12/08/2023,NA12,6X,584.2,600,75,90,97.3,100.0,0.0,0.0,0.0,196.36345238095234,104.46492063492063,0.341527,25.73868683519033,1.8797070938980045,Agility
12/08/2023,NA12,6X,174.4,180,75,90,93.2,96.3,0.0,0.0,0.0,24.250841584158415,34.174257425742574,0.184987,9.727931532396987,0.7096230733572836,Agility
12/08/2023,NA12,6X,187.4,180,75,90,90.6,96.3,0.0,0.0,0.0,23.827475247524752,35.34039603960396,0.191695,9.207173690236724,0.6742277370299604,Agility
12/08/2023,NA12,6X,1660.8,600,88,95,95.4,100.0,0.0,0.0,0.0,40.20641666666668,44.45955555555556,0.203898,11.391288462683214,0.9043369004538458,Agility
12/08/2023,NA12,6X,300.8,200,83,95,95.1,99.2,0.0,0.0,0.0,34.64186111111111,39.449,0.273708,10.584270955103861,0.8781429468709249,Agility
12/08/2023,NA12,6X,272.0,200,83,95,94.9,98.4,0.0,0.0,0.0,38.18305555555556,39.244,0.325721,10.7421505726164,0.9729654356221477,Agility
12/08/2023,NA12,6X,480.7,300,83,95,91.4,99.3,0.0,0.0,0.0,87.1436111111111,85.48822222222223,0.26137,20.82278596588368,1.0193639409717254,Agility
12/08/2023,NA12,6X,448.8,300,83,95,91.1,99.8,0.0,0.0,0.0,86.1106388888889,84.50733333333334,0.270005,21.30057249812616,1.0189723837247524,Agility
12/08/2023,NA12,6X,274.2,200,75,90,88.5,98.7,0.0,0.0,0.0,72.37002777777778,79.72333333333334,0.162752,20.84687327753261,0.9077647001435519,Agility
12/08/2023,NA12,6X,259.6,200,75,90,85.4,94.9,0.0,0.0,0.0,76.00805555555556,84.80311111111111,0.178777,21.88838896185314,0.8962885271504715,Agility
12/08/2023,NA12,6X,349.6,200,75,90,83.3,96.3,0.0,0.0,0.0,50.432861111111116,74.1201111111111,0.135102,20.175336000418902,0.68042074350791,Agility
12/08/2023,NA12,6X,416.9,200,75,90,81.6,95.7,0.0,0.0,0.0,58.52405555555556,76.16166666666666,0.152546,20.245060594617026,0.768418787520698,Agility
12/08/2023,NA12,6X,236.5,200,75,90,94.3,96.6,0.0,0.0,0.0,14.827166666666663,32.75288888888889,0.295057,4.958502643074816,0.4526979808396883,Agility
12/08/2023,NA12,6X,201.8,200,75,90,91.6,91.2,0.0,0.0,0.0,13.951777777777776,22.25622222222222,0.229574,4.4902821003034,0.6268708875420607,Agility
12/08/2023,NA12,6X,201.0,250,75,90,93.2,99.7,0.0,0.0,0.0,67.88811881188117,68.52376237623763,0.176449,18.66012657502184,0.9907237498013262,Agility
12/08/2023,NA12,6X,232.8,250,75,90,85.8,97.9,0.0,0.0,0.0,72.5621782178218,69.5360396039604,0.178261,17.8334520758173,1.0435189957768178,Agility
12/08/2023,NA12,6X,266.9,180,83,95,91.9,99.4,0.0,0.0,0.0,114.3603611111111,80.36044444444443,0.296216,18.31426575586743,1.4230926907101893,Agility
12/08/2023,NA12,6X,179.1,180,83,95,94.7,99.7,0.0,0.0,0.0,131.5851388888889,81.68977777777778,0.353277,18.415205183457417,1.610790755813321,Agility
12/08/2023,NA12,6X,367.3,250,75,90,86.4,99.7,0.0,0.0,0.0,156.68363888888888,113.50544444444446,0.252638,26.314991852791472,1.3804063730667835,Agility
12/08/2023,NA12,6X,387.4,250,75,90,96.9,99.8,0.0,0.0,0.0,172.05488888888883,114.35366666666664,0.295169,25.467502183251675,1.5045856762111303,Agility
12/08/2023,NA12,6X,238.0,250,80,95,93.9,98.7,0.0,0.0,0.0,60.93005555555556,52.75377777777778,0.361372,13.785397504797682,1.1549894267709107,Agility
12/08/2023,NA12,6X,270.7,250,80,95,92.4,99.1,0.0,0.0,0.0,70.41380555555556,51.01577777777778,0.46687,14.230566262374017,1.380235852960522,Agility
12/08/2023,NA12,6X,273.6,250,75,90,91.4,97.9,0.0,0.0,0.0,75.16675675675675,73.29693693693694,0.202533,18.0997151491544,1.0255102040816326,Agility
12/08/2023,NA12,6X,270.5,250,75,90,89.9,98.2,0.0,0.0,0.0,72.85423423423423,73.31099099099099,0.207988,18.27576974950467,0.9937696005662658,Agility
12/08/2023,SV02,6FFF,2443.0,1200,76,95,87.3,99.2,0.0,0.0,0.0,8.105,15.330111111111112,0.206178,4.089904575592645,0.5286980597371912,TrueBeam
12/08/2023,SV02,6X,267.0,200,85,95,98.3,100.0,0.0,0.0,0.0,44.48766666666666,34.85111111111111,0.512667,8.312951211159739,1.2765064082127144,TrueBeam
12/08/2023,SV02,6X,609.0,300,88,95,98.9,100.0,0.0,0.0,0.0,22.533694444444443,27.768666666666665,0.340014,7.003211197166002,0.8114791651661745,TrueBeam
12/08/2023,SV02,6X,188.0,200,83,95,95.4,98.4,0.0,0.0,0.0,103.11730555555555,153.77044444444445,0.251347,17.135095198850586,0.6705924921275147,TrueBeam
12/08/2023,SV02,6X,312.0,200,83,95,95.1,100.0,0.0,0.0,0.0,67.19986111111112,81.40833333333333,0.209703,20.05767574770956,0.8254666120722013,TrueBeam
12/08/2023,SV02,6X,180.0,220,83,95,98.8,99.9,0.0,0.0,0.0,97.61672222222224,127.84311111111113,0.302823,21.23714539461797,0.7635665416291496,TrueBeam
12/08/2023,SV02,6X,162.0,220,83,95,99.5,100.0,0.0,0.0,0.0,120.57622222222223,130.90277777777777,0.401607,21.332659484735643,0.9211127851458887,TrueBeam
12/08/2023,SV02,6X,155.0,220,83,95,89.3,99.9,0.0,0.0,0.0,82.42555555555556,73.33966666666666,0.400686,9.975503491324098,1.1238877854488327,TrueBeam
12/14/2023,WA17,6X,317.9,400,75,90,64.9,99.3,96.2,94.5,99.1,141.76363888888886,126.48522222222222,0.156723,31.35983558069436,1.1207921083446726,Agility
12/14/2023,WA17,6X,467.2,400,75,90,61.1,99.5,95.3,93.7,98.1,135.76802777777777,121.88177777777778,0.155169,29.239578831035473,1.1139321254840755,Agility
12/14/2023,NA12,6X,366.6,250,75,90,95.1,100.0,0.0,0.0,0.0,64.64302777777779,42.882333333333335,0.338848,10.241716915137438,1.5074512684581325,Agility
12/14/2023,NA12,6X,576.0,200,75,90,90.1,95.0,0.0,0.0,0.0,13.658305555555556,22.956222222222223,0.179172,6.813429819457259,0.5949718304405487,Agility
12/14/2023,NA12,6X,586.0,250,75,90,91.2,99.8,0.0,0.0,0.0,44.79280555555556,41.60377777777778,0.175852,10.787749922694523,1.0766523606296436,Agility
12/14/2023,NA12,6X,267.6,200,75,90,79.7,98.1,0.0,0.0,0.0,73.19658333333332,82.08611111111111,0.189083,21.8548362801383,0.8917048492436803,Agility
12/14/2023,NA12,6X,272.7,200,75,90,82.8,98.3,0.0,0.0,0.0,69.16216666666668,82.51611111111112,0.185551,21.417747951015784,0.8381656107561487,Agility
12/14/2023,NA12,6X,1205.0,1000,75,90,91.8,99.0,0.0,0.0,0.0,14.950495049504946,24.93663366336634,0.272002,6.257309035957574,0.5995394266656077,Agility
12/14/2023,NA12,6X,895.1,1000,75,90,93.5,98.3,0.0,0.0,0.0,13.725841584158415,22.697821782178224,0.215312,5.636115850968026,0.6047206518704632,Agility
12/14/2023,WV16,6X,1797.0,0,85,95,95.8,99.2,0.0,0.0,0.0,24.139777777777777,41.25055555555556,0.161899,11.457418707524713,0.5851988525407065,TrueBeam
12/14/2023,WV16,6X,2493.0,0,85,95,94.5,99.8,0.0,0.0,0.0,28.110722222222225,41.95744444444445,0.194827,11.804918035607862,0.6699817539994227,TrueBeam
12/14/2023,WV16,6FFF,1855.0,900,75,90,89.7,100.0,0.0,0.0,0.0,61.53327777777777,50.707777777777785,0.33207,13.727414357733744,1.213487959331244,TrueBeam
12/14/2023,WV16,10FFF,2084.0,800,83,95,88.7,100.0,0.0,0.0,0.0,32.345083333333335,43.74622222222222,0.141341,12.339064080898952,0.739380035355434,TrueBeam
12/14/2023,WV16,6X,286.0,180,85,95,99.0,99.0,0.0,0.0,0.0,10.865833333333333,16.869888888888887,0.216599,4.304640368250888,0.6440963188850615,TrueBeam
12/14/2023,WV16,6X,937.0,1000,85,95,89.3,99.0,0.0,0.0,0.0,31.354416666666665,50.75111111111111,0.202983,13.768307061657737,0.6178074918994658,TrueBeam
12/14/2023,WV16,6X,1853.0,1000,85,95,90.3,100.0,0.0,0.0,0.0,38.692388888888885,49.717333333333336,0.229208,12.903223120368704,0.7782474701423155,TrueBeam
12/14/2023,WV16,6X,355.0,250,83,95,96.4,99.9,0.0,0.0,0.0,61.359444444444435,115.59977777777777,0.174128,20.73422561965277,0.530792062268478,TrueBeam
12/14/2023,WV16,6X,262.0,250,83,95,97.9,100.0,0.0,0.0,0.0,80.85397222222223,115.55677777777778,0.251959,20.710693569110898,0.6996904359665427,TrueBeam
12/14/2023,NA11,6X,159.4,200,75,90,70.0,96.3,75.7,87.5,85.9,170.69519801980198,95.51326732673267,0.348409,28.55453013455287,1.7871359947920769,Agility
12/14/2023,NA11,6X,175.0,200,75,90,81.5,98.4,86.7,96.0,94.7,165.69767326732673,93.3718811881188,0.361238,26.763810376932163,1.7745992814848748,Agility
12/13/2023,NA09,6X,562.9,200,88,95,93.9,99.5,0.0,0.0,0.0,37.534166666666664,38.906333333333336,0.321043,10.195511599393415,0.9647315347115721,Agility
12/13/2023,NA09,6X,1324.1,600,76,95,86.3,95.4,0.0,0.0,0.0,5.937722222222222,13.151222222222222,0.191207,3.673205912977587,0.4514958474497512,Agility
12/13/2023,NA09,6X,159.4,200,75,90,70.0,96.3,0.0,0.0,0.0,170.69519801980198,95.51326732673267,0.348409,28.55453013455287,1.7871359947920769,Agility
12/13/2023,NA09,6X,175.0,200,75,90,81.5,98.4,0.0,0.0,0.0,165.69767326732673,93.3718811881188,0.361238,26.763810376932163,1.7745992814848748,Agility
12/13/2023,NA09,6X,316.7,200,75,90,85.0,92.5,0.0,0.0,0.0,36.78761111111111,56.65755555555555,0.124206,14.589935154762156,0.6492975341133281,Agility
12/13/2023,NA09,6X,376.3,200,75,90,87.4,96.3,0.0,0.0,0.0,37.43183333333333,58.04155555555556,0.178254,14.7520448362728,0.6449143716953752,Agility
12/13/2023,NA09,6X,212.7,200,80,95,94.0,96.9,0.0,0.0,0.0,47.643777777777785,57.63211111111111,0.295569,14.704862168681181,0.8266880539205576,Agility
12/13/2023,NA09,6X,238.7,200,80,95,90.3,98.4,0.0,0.0,0.0,44.486111111111114,54.19788888888889,0.242618,15.956406460551019,0.8208089285970549,Agility
12/13/2023,NA09,6X,691.8,700,80,95,90.9,99.8,0.0,0.0,0.0,24.487277777777784,48.78166666666667,0.197093,8.741628727916067,0.5019770633320807,Agility
12/13/2023,NA09,6X,666.1,700,80,95,82.3,96.1,0.0,0.0,0.0,22.059944444444447,42.92766666666667,0.113202,8.982241335952168,0.5138864084027654,Agility
12/13/2023,NA09,6X,573.9,700,80,95,92.8,98.9,0.0,0.0,0.0,18.737694444444447,51.91477777777778,0.115875,7.640227904231784,0.3609318049024791,Agility
12/13/2023,NA09,6X,1052.0,700,80,95,88.0,99.1,0.0,0.0,0.0,16.424555555555553,32.373333333333335,0.078931,8.037989464435572,0.50734829763866,Agility
12/13/2023,NA09,6X,319.2,200,83,95,92.9,97.3,0.0,0.0,0.0,38.36613888888889,40.37188888888889,0.260841,11.229261165465804,0.9503181531703854,Agility
12/13/2023,NA09,6X,324.8,200,83,95,92.4,98.9,0.0,0.0,0.0,42.00197222222222,40.428,0.312843,11.62525430447266,1.0389327253938414,Agility
12/13/2023,NA09,6X,290.0,200,80,95,88.2,96.6,0.0,0.0,0.0,35.262972222222224,43.102444444444444,0.225368,11.988548595067916,0.8181200086615351,Agility
12/13/2023,NA09,6X,258.4,200,80,95,89.7,94.5,0.0,0.0,0.0,27.091333333333335,42.19555555555556,0.17074,11.781465646814974,0.6420423425321256,Agility
12/13/2023,NA09,6X,409.3,600,80,95,91.8,100.0,0.0,0.0,0.0,64.62977777777778,72.20477777777778,0.195234,20.400230760367748,0.8950900448262118,Agility
12/13/2023,NA09,6X,792.7,600,80,95,76.1,99.5,0.0,0.0,0.0,74.11325,76.42311111111111,0.23672,18.076533479473213,0.9697753588210662,Agility
12/13/2023,NA09,6X,593.9,600,75,90,93.0,98.7,0.0,0.0,0.0,106.0557281553398,77.18116504854369,0.298373,18.301855591668975,1.3741141130564074,Agility
12/13/2023,NA09,6X,262.4,600,75,90,94.1,98.2,0.0,0.0,0.0,155.3767307692308,69.6623076923077,0.716888,19.16631120231139,2.230427557116198,Agility
12/13/2023,NA09,6X,317.9,400,75,90,64.9,99.3,0.0,0.0,0.0,141.76363888888886,126.48522222222222,0.156723,31.35983558069436,1.1207921083446726,Agility
12/13/2023,NA09,6X,467.2,400,75,90,61.1,99.5,0.0,0.0,0.0,135.76802777777777,121.88177777777778,0.155169,29.239578831035473,1.1139321254840755,Agility
12/13/2023,WV16,10FFF,1387.0,800,76,95,96.8,99.2,0.0,0.0,0.0,7.203138888888889,18.694555555555556,0.142798,5.372618338103969,0.3853067738081794,TrueBeam
12/13/2023,WV16,6X,1221.0,1200,85,95,93.7,97.2,0.0,0.0,0.0,10.968305555555556,25.52422222222222,0.160027,7.018439021130116,0.4297214410712265,TrueBeam
12/13/2023,WV16,6X,2942.0,1200,85,95,97.1,99.4,0.0,0.0,0.0,12.49452777777778,32.86566666666666,0.175566,5.525150490959028,0.38016961300377644,TrueBeam
12/12/2023,EA08,6X,1950.0,1000,75,90,90.7,98.6,0.0,0.0,0.0,25.49086111111111,32.27311111111111,0.156273,8.220566123847219,0.789848274105034,Agility
12/12/2023,NA11,6X,637.2,700,76,95,92.4,98.8,0.0,0.0,0.0,35.51216666666667,43.64644444444444,0.288924,11.28597731130652,0.8136325219312762,Agility
12/12/2023,NA11,6X,635.9,700,76,95,94.6,99.3,0.0,0.0,0.0,37.76552777777778,40.91355555555556,0.346356,11.142241335952168,0.9230566071554659,Agility
12/12/2023,NA11,6X,351.6,200,75,90,86.3,96.7,0.0,0.0,0.0,59.19327777777778,73.77122222222222,0.146112,19.853731309680043,0.8023898207822684,Agility
12/12/2023,SV02,6FFF,2926.0,1200,76,95,98.4,100.0,0.0,0.0,0.0,12.271777777777778,22.25755555555556,0.196595,6.317838640784834,0.5513533481763995,TrueBeam
12/12/2023,NA11,6X,382.8,200,75,90,85.6,95.2,0.0,0.0,0.0,61.06519444444445,75.26466666666667,0.15273,19.991437383221342,0.8113394657667313,Agility
12/12/2023,SV02,6X,508.0,250,88,95,100.0,100.0,0.0,0.0,0.0,31.915444444444447,28.33322222222222,0.409478,8.054547308338904,1.1264318683602683,TrueBeam
12/12/2023,NA11,6X,269.9,200,83,95,92.6,99.4,0.0,0.0,0.0,142.33244444444446,92.14166666666667,0.323863,20.444910160034,1.54471315305538,Agility
12/12/2023,NA11,6X,209.2,200,83,95,92.3,98.8,0.0,0.0,0.0,128.24955555555556,95.23466666666666,0.298153,20.250795876207107,1.3466688134106164,Agility
12/12/2023,SV02,6X,183.0,180,83,95,96.6,99.6,0.0,0.0,0.0,123.07177777777778,76.7161111111111,0.404136,17.870125699488277,1.6042494333364716,TrueBeam
12/12/2023,SV02,6X,226.0,180,83,95,99.1,100.0,0.0,0.0,0.0,105.11227777777779,79.02666666666666,0.347276,17.97003642588108,1.3300861875035153,TrueBeam
12/12/2023,NA11,6X,531.2,200,83,95,88.0,96.5,0.0,0.0,0.0,23.706305555555556,40.727333333333334,0.134174,11.36643525937014,0.5820736005849197,Agility
12/12/2023,NA11,6X,452.2,200,83,95,85.7,94.1,0.0,0.0,0.0,22.464916666666664,39.762777777777785,0.141699,11.488080210568324,0.5649735235354112,Agility
12/12/2023,NA11,6X,272.2,200,75,90,88.6,99.2,0.0,0.0,0.0,105.87513888888887,89.33622222222222,0.217733,21.07391626663327,1.1851311400377598,Agility
12/12/2023,NA11,6X,272.3,200,75,90,90.1,98.7,0.0,0.0,0.0,83.47794444444445,86.182,0.214152,21.23559244867318,0.9686238941361821,Agility
12/12/2023,NA11,6X,737.9,900,76,95,86.8,96.8,0.0,0.0,0.0,44.16236111111112,50.43333333333333,0.185538,12.700317547305483,0.8756581846221636,Agility
12/12/2023,SV02,6X,206.0,250,83,95,95.8,100.0,0.0,0.0,0.0,85.31877777777778,53.230888888888884,0.449282,13.801955348701012,1.6028058061526518,TrueBeam
12/12/2023,SV02,6X,205.0,250,83,95,97.2,100.0,0.0,0.0,0.0,85.97780555555556,50.532444444444444,0.456451,13.236170341123671,1.7014376901968373,TrueBeam
12/12/2023,NA11,6X,569.0,900,76,95,95.1,99.4,0.0,0.0,0.0,42.37230555555556,56.43333333333333,0.221605,12.950839020826132,0.7508382555621187,Agility
12/12/2023,NA11,6X,860.2,900,76,95,85.0,95.5,0.0,0.0,0.0,38.68713888888889,44.12155555555556,0.16959,11.58304835450991,0.8768308007675764,Agility
12/12/2023,SV02,6FFF,2237.0,800,75,90,89.8,99.9,0.0,0.0,0.0,48.756611111111106,58.2898888888889,0.164234,15.837231837275612,0.8364505755715206,TrueBeam
12/12/2023,NA11,6X,213.2,200,83,95,94.4,99.0,0.0,0.0,0.0,109.7345,89.33822222222223,0.267199,19.403926810665197,1.228304048037172,Agility
12/12/2023,NA11,6X,268.2,200,83,95,91.6,99.1,0.0,0.0,0.0,133.0691666666667,90.56533333333333,0.34867,20.457851112289124,1.4693168099640779,Agility
12/12/2023,NA11,6X,358.6,180,75,90,87.2,97.8,0.0,0.0,0.0,106.04025000000001,70.64944444444446,0.240865,18.427420741885598,1.5009353694689744,Agility
12/12/2023,SV02,6X,2230.0,1200,76,95,98.8,99.6,0.0,0.0,0.0,8.077055555555557,20.969444444444445,0.110966,7.082343502909453,0.3851821433302425,TrueBeam
12/12/2023,NA11,6X,531.4,400,75,90,56.5,99.9,88.5,81.8,92.4,112.9642222222222,100.62855555555555,0.130511,27.53353164208383,1.1225861446441643,Agility
12/12/2023,NA11,6X,470.6,400,75,90,88.7,98.0,80.7,62.3,91.2,58.58300000000001,46.262,0.212849,11.70031182755239,1.2663308979291863,Agility
12/12/2023,SV02,6X,86.0,180,85,95,97.1,100.0,0.0,0.0,0.0,85.715625,47.98,0.667133,12.384014188846901,1.786486556898708,TrueBeam
12/12/2023,SV02,6X,202.0,180,85,95,96.4,100.0,0.0,0.0,0.0,60.5545,49.390888888888895,0.300621,11.362544325358336,1.2260257177437133,TrueBeam
12/12/2023,SV02,6X,307.0,200,85,95,97.4,100.0,0.0,0.0,0.0,42.705194444444444,32.32766666666667,0.450373,6.602074864051183,1.3210107269658942,TrueBeam
12/12/2023,NA11,6X,1443.2,600,80,95,95.1,99.7,0.0,0.0,0.0,20.577416666666668,28.45866666666667,0.142433,6.646040914924523,0.7230632730509745,Agility
12/12/2023,SV02,6X,353.0,200,83,95,90.7,99.6,0.0,0.0,0.0,57.6485,115.04344444444445,0.165188,20.85798677435444,0.5011019991481479,TrueBeam
12/12/2023,SV02,6X,292.0,200,83,95,97.4,99.7,0.0,0.0,0.0,55.28919444444445,117.93100000000001,0.163447,20.793491524721176,0.46882663968290306,TrueBeam
12/12/2023,NA11,6X,557.9,300,75,90,93.9,99.5,0.0,0.0,0.0,39.38377777777778,45.94777777777778,0.402271,9.465138980621862,0.8571421662273596,Agility
12/12/2023,SV02,6X,64.0,180,85,95,100.0,100.0,0.0,0.0,0.0,53.9359375,34.75,0.638495,8.234511042686846,1.5521133093525181,TrueBeam
12/12/2023,SV02,6X,185.0,180,85,95,99.4,100.0,0.0,0.0,0.0,38.27505208333333,32.42625,0.383931,7.94645903366283,1.18037244773396,TrueBeam
12/12/2023,NA11,6X,1324.6,800,75,90,93.1,98.3,0.0,0.0,0.0,123.35111111111111,70.96322222222221,0.497046,20.497378749114503,1.7382399959916641,Agility
12/12/2023,NA11,6X,823.0,750,76,95,94.1,98.2,0.0,0.0,0.0,14.832388888888891,25.695111111111114,0.215828,6.996391634395463,0.5772455633583561,Agility
12/12/2023,NA11,6X,775.2,750,76,95,90.9,97.8,0.0,0.0,0.0,15.193444444444443,25.986777777777778,0.222259,6.934828008596842,0.5846605752498065,Agility
12/12/2023,NA11,6X,722.7,400,75,90,94.3,98.7,0.0,0.0,0.0,40.273722222222226,37.62122222222222,0.367709,8.603179834509438,1.0705054180412357,Agility
12/12/2023,NA11,6X,1456.2,700,76,95,90.0,96.4,0.0,0.0,0.0,22.19697222222222,31.89777777777778,0.301294,8.278691176380915,0.6958783265988574,Agility
12/12/2023,NA11,6X,571.7,400,75,90,98.1,99.9,0.0,0.0,0.0,247.31622222222222,90.38711111111111,0.580151,23.719540233953463,2.736189033834716,Agility
12/15/2023,EV06,6X,2467.0,1200,85,95,95.2,99.5,0.0,0.0,0.0,29.35025,42.22955555555556,0.20049,11.800691852990456,0.695016786558124,TrueBeam
12/15/2023,EV06,6X,862.0,600,76,95,98.8,100.0,0.0,0.0,0.0,11.98236111111111,20.024222222222225,0.14977,6.243809818902282,0.5983933347390382,TrueBeam
12/15/2023,EV06,6X,350.0,200,85,95,98.4,100.0,0.0,0.0,0.0,16.277194444444444,25.081888888888887,0.269691,7.816596976968818,0.6489620664755889,TrueBeam
12/15/2023,EV06,6X,916.0,300,88,95,96.2,99.8,0.0,0.0,0.0,17.45525,27.52688888888889,0.252614,8.212426925851439,0.6341163387717867,TrueBeam
12/15/2023,EV06,6X,324.0,200,83,95,96.2,99.5,0.0,0.0,0.0,66.464,118.33166666666665,0.186252,21.12839088509356,0.5616755165565713,TrueBeam
12/15/2023,EV06,6X,267.0,200,83,95,95.5,99.0,0.0,0.0,0.0,54.74216666666667,122.11411111111111,0.123212,21.351509586527563,0.44828698476015605,TrueBeam
12/15/2023,EV06,6X,1656.0,1200,85,95,95.3,99.3,0.0,0.0,0.0,25.46986111111111,41.88733333333333,0.164652,11.644323096146397,0.6080563999724128,TrueBeam
12/15/2023,NA09,6X,405.2,280,83,95,83.8,95.1,0.0,0.0,0.0,54.213361111111105,69.41355555555555,0.203962,18.34479325322307,0.7810197976059752,Agility
12/15/2023,NA09,6X,315.6,280,83,95,90.9,97.7,0.0,0.0,0.0,76.9106388888889,85.29733333333334,0.293901,18.282626891084412,0.9016769444401024,Agility
12/15/2023,NA09,6X,1092.7,800,80,95,84.5,94.9,0.0,0.0,0.0,8.516666666666667,21.43422222222222,0.106118,5.92496448028567,0.3973396645032866,Agility
12/15/2023,NA09,6X,941.8,800,80,95,91.6,98.6,0.0,0.0,0.0,11.015361111111108,30.431111111111115,0.17876,4.885481062169785,0.3619769607127208,Agility
12/15/2023,NA09,6X,335.0,200,75,90,82.3,94.7,0.0,0.0,0.0,62.52202777777778,84.79033333333332,0.140813,22.027838150249394,0.7373721192012194,Agility
12/15/2023,NA09,6X,374.3,200,75,90,78.2,97.1,0.0,0.0,0.0,68.26252777777778,88.57588888888888,0.146897,22.27623201708022,0.7706671491991174,Agility
12/15/2023,NA09,6X,552.7,0,75,90,60.3,97.5,0.0,0.0,0.0,49.74436111111113,108.64466666666667,0.070235,21.922063637341303,0.45786289044203243,Agility
12/15/2023,NA09,6X,442.3,0,75,90,49.4,89.4,0.0,0.0,0.0,47.31686111111112,108.20966666666665,0.072044,20.98604703200144,0.4372701863768591,Agility
12/15/2023,NA09,6X,212.1,180,83,95,83.1,97.5,0.0,0.0,0.0,96.91125000000001,71.92911111111111,0.335141,16.14065081523062,1.3473161075256195,Agility
12/15/2023,NA09,6X,234.2,180,83,95,87.4,96.9,0.0,0.0,0.0,94.26836111111112,69.38511111111112,0.306848,15.554691072101743,1.3586252093788933,Agility
12/15/2023,NA09,6X,267.8,200,75,90,89.0,99.1,0.0,0.0,0.0,99.41995049504949,92.54495049504949,0.190295,26.251813705853536,1.0742882238655231,Agility
12/15/2023,NA09,6X,384.6,200,75,90,77.9,97.1,0.0,0.0,0.0,81.07480198019802,84.76059405940596,0.170486,22.18079875801454,0.9565152637247364,Agility
12/15/2023,NA09,6X,255.5,250,75,90,87.9,93.6,0.0,0.0,0.0,25.49538888888889,29.19155555555556,0.305443,6.404231328013998,0.8733823327903045,Agility
12/15/2023,NA09,6X,173.0,250,75,90,95.2,98.2,0.0,0.0,0.0,28.093611111111112,27.770333333333333,0.432566,6.623421265599069,1.0116411198201118,Agility
12/15/2023,NA09,6X,343.5,400,75,90,97.0,100.0,0.0,0.0,0.0,32.39677419354839,33.725806451612904,0.398492,8.23276792783189,0.9605930176948828,Agility
12/15/2023,NA09,6X,322.8,400,75,90,96.2,97.8,0.0,0.0,0.0,33.94615384615384,31.86076923076923,0.443409,8.461987531258233,1.0654530529467152,Agility
12/15/2023,NA09,6X,424.6,0,75,90,74.2,93.8,0.0,0.0,0.0,48.72708333333333,105.52866666666665,0.085966,31.43973670974872,0.4617426228576122,Agility
12/15/2023,NA09,6X,583.6,0,75,90,66.5,92.3,0.0,0.0,0.0,37.15686111111111,90.86966666666666,0.069111,27.880373626670714,0.4089027997363746,Agility
12/15/2023,NA09,6X,2130.8,700,76,95,84.1,95.9,0.0,0.0,0.0,23.13372222222222,35.8691111111111,0.135491,9.75346182032477,0.6449482996821779,Agility
12/15/2023,NA09,6X,837.2,600,75,90,92.7,99.4,0.0,0.0,0.0,34.87211111111112,31.59177777777778,0.371123,8.865956678136635,1.1038350344323067,Agility
12/15/2023,NA09,6X,2268.1,700,76,95,72.5,89.3,0.0,0.0,0.0,20.434805555555556,35.27422222222222,0.073256,8.610510342168809,0.5793127181322212,Agility
12/15/2023,NA09,6X,1319.6,800,75,90,96.5,99.7,0.0,0.0,0.0,200.06994444444442,86.55133333333333,0.474163,24.207178893869617,2.3115755325676988,Agility
12/15/2023,NA09,6X,584.9,400,75,90,87.8,99.8,0.0,0.0,0.0,92.95524999999999,60.93133333333333,0.379094,16.127805073273603,1.525573870039498,Agility
12/15/2023,NA09,6X,778.3,400,75,90,84.8,99.3,0.0,0.0,0.0,40.78988888888889,42.563,0.259082,10.643942947160888,0.958341491175173,Agility
11/06/2023,EA05,6X,686.7,500,83,95,74.4,93.7,81.6,91.0,94.9,147.07349999999997,94.5521111111111,0.28847,25.946938020689224,1.5554755813666536,Agility
11/06/2023,EA05,6X,682.2,500,83,95,68.4,97.3,80.5,89.7,91.8,119.97238888888889,92.992,0.217686,25.281872657403852,1.2901366664754912,Agility
11/06/2023,EV06,6X,200.0,220,83,95,93.0,100.0,0.0,0.0,0.0,65.61716666666666,117.73122222222221,0.263896,10.48101583392881,0.5573471966749121,TrueBeam
11/06/2023,EV06,6X,683.0,500,85,95,98.3,99.6,0.0,0.0,0.0,12.557087912087912,17.36725274725275,0.349642,4.265420284014441,0.7230324850356233,TrueBeam
11/06/2023,EV06,6X,560.0,500,85,95,99.4,99.9,0.0,0.0,0.0,54.848333333333336,42.86533333333333,0.495193,11.843210525854676,1.2795499082397588,TrueBeam
11/06/2023,EV06,6X,296.0,500,85,95,99.9,100.0,0.0,0.0,0.0,54.772333333333336,44.586666666666666,0.39449,12.33907705256509,1.2284464712918661,TrueBeam
11/06/2023,EV06,6X,660.0,400,85,95,95.5,100.0,0.0,0.0,0.0,84.02361111111111,52.53588888888889,0.372647,13.514428730770042,1.599356418786734,TrueBeam
11/06/2023,EV06,6X,200.0,220,83,95,98.0,99.9,0.0,0.0,0.0,103.39358333333334,132.11411111111113,0.257531,22.49812493232391,0.7826081745830834,TrueBeam
11/06/2023,EV06,6X,225.0,220,83,95,95.7,99.6,0.0,0.0,0.0,74.16558333333333,126.28755555555557,0.190344,22.59959514797056,0.5872754683315325,TrueBeam
11/06/2023,EV06,6X,632.0,500,85,95,96.4,98.6,0.0,0.0,0.0,14.842760416666664,18.115416666666665,0.316534,4.156475605579869,0.8193441359799434,TrueBeam
11/06/2023,EV06,6X,397.0,250,80,95,99.1,100.0,0.0,0.0,0.0,60.74827777777778,50.873999999999995,0.438357,13.63497305681059,1.1940928131811492,TrueBeam
11/06/2023,NA11,6X,921.2,1000,76,95,86.3,90.6,0.0,0.0,0.0,12.308360655737701,39.31278688524591,0.144091,4.895263011290048,0.3130879703763009,Agility
11/06/2023,NA11,6X,522.8,1000,76,95,82.6,96.8,0.0,0.0,0.0,14.386458333333332,22.67083333333333,0.24548,4.470127018922193,0.6345800404337438,Agility
11/06/2023,NA11,6X,2972.5,800,76,95,93.9,96.3,0.0,0.0,0.0,10.53347222222222,22.188666666666666,0.20173,6.253664667565872,0.4747230818535989,Agility
11/06/2023,NA11,6X,1660.9,600,76,95,94.4,98.1,0.0,0.0,0.0,24.258555555555557,31.209555555555553,0.282666,8.792712374937752,0.7772797505037632,Agility
11/06/2023,NA11,6X,340.0,200,75,90,86.8,99.9,0.0,0.0,0.0,64.96863888888889,75.06944444444444,0.174641,20.316528303670108,0.8654471785383904,Agility
11/06/2023,NA11,6X,361.3,200,75,90,82.7,96.8,0.0,0.0,0.0,55.94050000000001,75.87422222222223,0.160122,20.26684953030394,0.737279386352853,Agility
11/06/2023,NA11,6X,402.4,200,75,90,85.8,96.6,0.0,0.0,0.0,43.22841666666667,76.57522222222222,0.114667,21.17501692822055,0.5645222490013451,Agility
11/06/2023,NA11,6X,413.6,200,75,90,84.6,94.4,0.0,0.0,0.0,48.017388888888895,79.67855555555555,0.124999,21.73063706747988,0.6026387972785094,Agility
11/06/2023,NA11,6X,148.8,200,75,90,89.4,95.8,0.0,0.0,0.0,87.99167938931298,82.07251908396947,0.184844,20.29953521307732,1.0721210993814816,Agility
11/06/2023,NA11,6X,1107.9,800,80,95,82.1,99.6,0.0,0.0,0.0,90.62016666666668,80.62844444444445,0.258352,14.582024221473917,1.123923043425535,Agility
11/06/2023,NA11,6X,815.5,600,80,95,85.1,99.7,0.0,0.0,0.0,149.28738888888887,118.94677777777781,0.189676,32.53781292110203,1.2550772007274957,Agility
11/06/2023,NA11,6X,781.5,600,80,95,76.3,99.2,0.0,0.0,0.0,152.2733611111111,112.22044444444444,0.205303,32.44180231334096,1.3569128322824915,Agility
11/06/2023,NA11,6X,2499.1,1200,76,95,75.1,92.7,0.0,0.0,0.0,14.773166666666667,28.378,0.081903,6.542513296883515,0.5205851951041887,Agility
11/06/2023,NA11,6X,2052.7,1800,75,90,95.8,97.5,0.0,0.0,0.0,15.144999999999998,20.36916666666667,0.419366,5.893060617555977,0.7435257537945422,Agility
11/06/2023,NA11,6X,799.0,1800,75,90,98.2,100.0,0.0,0.0,0.0,17.226904761904763,21.88380952380952,0.456969,5.879987256143828,0.7871986247715207,Agility
11/06/2023,NA11,6X,522.0,520,76,95,92.3,98.9,0.0,0.0,0.0,33.70463963963964,39.6727927927928,0.130266,11.281024974486309,0.8495655905969551,Agility
11/06/2023,NA11,6X,753.9,800,75,90,89.4,100.0,0.0,0.0,0.0,297.50763888888883,138.43400000000003,0.38115,31.031787517317603,2.14909371172464,Agility
11/06/2023,NA11,6X,753.7,800,75,90,85.6,99.5,0.0,0.0,0.0,264.27283333333327,140.9021111111111,0.2995,30.522749411640937,1.8755775286073306,Agility
11/06/2023,NA11,6X,227.7,200,83,95,88.2,97.5,0.0,0.0,0.0,42.11213888888889,41.82299999999999,0.294697,10.659328478183593,1.0069133942780026,Agility
11/06/2023,NA11,6X,231.8,200,75,90,89.0,98.6,0.0,0.0,0.0,81.65332061068702,79.46992366412215,0.186103,20.562745556175244,1.027474506654781,Agility
11/06/2023,NA11,6X,520.2,520,76,95,91.1,99.1,0.0,0.0,0.0,35.08063063063063,41.50918918918919,0.154149,10.689358062398714,0.8451292669375281,Agility
11/06/2023,NA11,6X,481.8,1000,76,95,92.5,100.0,0.0,0.0,0.0,17.42304347826087,24.005217391304342,0.192638,5.555881946986245,0.7258023618054048,Agility
11/06/2023,NA11,6X,350.8,200,75,90,89.3,97.4,0.0,0.0,0.0,51.52680555555556,74.55355555555555,0.129983,20.12783839986443,0.691138137833802,Agility
11/06/2023,NA11,6X,277.0,200,75,90,84.2,93.5,0.0,0.0,0.0,50.14111111111111,76.59077777777777,0.123584,20.245498652573772,0.6546625137636239,Agility
11/06/2023,NA11,6X,250.9,300,75,90,82.0,94.8,0.0,0.0,0.0,86.21267326732672,65.93881188118813,0.23391,18.318476063451023,1.3074647663150052,Agility
11/06/2023,NA11,6X,182.4,300,75,90,86.7,99.3,0.0,0.0,0.0,97.4798514851485,68.52970297029702,0.295137,18.300173357474016,1.4224467239760168,Agility
11/06/2023,NA11,6X,272.4,200,83,95,94.4,98.0,0.0,0.0,0.0,42.60208333333333,40.762888888888895,0.294765,10.480743337062853,1.0451193351250865,Agility
12/21/2023,WA15,6X,1151.0,800,75,90,99.7,100.0,0.0,0.0,0.0,187.79419444444449,73.204,0.451768,19.568293972938456,2.5653542763297703,Agility
12/21/2023,WA15,6X,1437.1,600,75,90,87.2,99.8,0.0,0.0,0.0,27.45941666666667,42.16566666666667,0.145235,12.629023646002228,0.6512269065669543,Agility
12/21/2023,WA15,6X,336.4,250,75,90,95.8,100.0,0.0,0.0,0.0,30.058157894736837,28.86315789473684,0.398256,6.482671496486891,1.0414022611232676,Agility
12/21/2023,WA15,6X,1314.9,600,75,90,90.0,84.3,0.0,0.0,0.0,3.56045918367347,9.845306122448978,0.077072,2.666541345579633,0.36164027196219073,Agility
12/21/2023,WA15,6X,261.5,200,75,90,84.6,98.5,0.0,0.0,0.0,73.38225,73.07211111111111,0.165845,17.045559602892457,1.0042442853254547,Agility
12/21/2023,WA15,6X,374.9,200,75,90,82.7,96.6,0.0,0.0,0.0,46.13563888888889,68.47655555555555,0.13017,17.999481486508586,0.6737435683583515,Agility
12/21/2023,WA15,6X,434.4,370,75,90,66.0,94.2,0.0,0.0,0.0,34.44594059405941,68.57089108910891,0.090878,19.869419343374616,0.5023405711513416,Agility
12/21/2023,WA15,6X,554.2,370,75,90,76.5,98.5,0.0,0.0,0.0,30.783415841584162,65.79267326732673,0.086722,20.433755056908712,0.46788516582243056,Agility
12/21/2023,WA15,6X,393.2,200,75,90,86.1,98.5,0.0,0.0,0.0,50.31783333333334,65.24733333333333,0.145256,16.162667370372667,0.7711860510263512,Agility
12/21/2023,WA15,6X,291.4,200,75,90,90.9,99.1,0.0,0.0,0.0,54.86572222222221,66.27944444444444,0.168782,16.791498333540027,0.8277939364475326,Agility
12/21/2023,WA15,6X,543.5,800,75,90,99.8,100.0,0.0,0.0,0.0,232.21176470588233,97.3525,0.458695,23.97433324542082,2.385267606952901,Agility
12/21/2023,NA11,6X,499.5,200,75,90,62.2,99.2,72.5,79.9,84.1,127.2787777777778,93.17366666666666,0.148425,23.33177121412428,1.3660380913538999,Agility
12/21/2023,WA15,6X,622.6,800,75,90,99.4,100.0,0.0,0.0,0.0,205.13514705882355,92.9530882352941,0.434319,23.283900158803785,2.206867474263584,Agility
12/21/2023,WA15,6X,1065.9,800,75,90,96.5,99.4,0.0,0.0,0.0,68.98683962264151,43.982830188679245,0.345901,11.154675599662164,1.5684947814112713,Agility
12/21/2023,WA15,6X,241.2,200,83,95,97.3,99.5,0.0,0.0,0.0,49.13416666666667,40.87466666666667,0.403792,10.738533680968192,1.2020689261482256,Agility
12/21/2023,NA11,6X,406.3,200,75,90,67.5,96.7,72.5,79.9,84.1,50.05361111111112,69.24022222222223,0.111147,19.560883455561893,0.7228978981388468,Agility
12/21/2023,NA11,6X,309.7,200,75,90,71.0,97.3,72.5,79.9,84.1,55.865992366412215,68.02045801526718,0.148978,19.043611843111535,0.821311617070751,Agility
12/21/2023,WA15,6X,217.7,200,83,95,96.1,98.9,0.0,0.0,0.0,51.13708333333333,41.358111111111114,0.468869,10.782532918635624,1.2364462969778867,Agility
12/21/2023,WV16,6X,266.0,180,85,95,95.6,99.6,0.0,0.0,0.0,58.71825,42.961333333333336,0.253645,11.139859123395063,1.366769730920828,TrueBeam
12/21/2023,WV16,6X,465.0,400,85,95,98.8,99.8,0.0,0.0,0.0,42.620055555555545,66.9768888888889,0.188114,14.668989516071694,0.6363397324450223,TrueBeam
12/21/2023,WV16,6X,505.0,400,85,95,97.6,99.6,0.0,0.0,0.0,57.24349999999999,57.90222222222222,0.22798,13.605070703227605,0.9886235416027017,TrueBeam
12/21/2023,WV16,6FFF,2086.0,750,75,90,90.7,99.8,0.0,0.0,0.0,42.296166666666664,60.119666666666674,0.205331,12.134879726127021,0.7035329537200804,TrueBeam
12/21/2023,WV16,6FFF,1215.0,750,75,90,79.4,100.0,0.0,0.0,0.0,49.044361111111115,57.45055555555556,0.231683,14.499436654469147,0.8536794925104679,TrueBeam
12/21/2023,WV16,6FFF,1456.0,900,76,95,82.3,100.0,0.0,0.0,0.0,17.106499999999997,21.916777777777778,0.268397,6.121136166506918,0.7805207578161832,TrueBeam
12/21/2023,WV16,6FFF,1512.0,900,76,95,86.6,100.0,0.0,0.0,0.0,20.6995,32.403777777777776,0.276212,9.963362929168937,0.638798974056523,TrueBeam
12/19/2023,WA15,6X,661.5,400,75,90,95.2,98.8,0.0,0.0,0.0,60.09022222222223,43.998999999999995,0.348363,11.263620278096738,1.3657179077302266,Agility
12/19/2023,WA15,6X,413.6,180,75,90,93.4,97.8,0.0,0.0,0.0,21.511583333333334,29.348333333333336,0.210624,7.229600770320334,0.7329746152535634,Agility
12/19/2023,WA15,6X,1177.5,800,75,90,86.2,100.0,0.0,0.0,0.0,59.66708333333334,46.216888888888896,0.198274,10.43912695170389,1.2910233632726853,Agility
12/19/2023,WA15,6X,298.8,180,75,90,94.0,97.0,0.0,0.0,0.0,22.000999999999998,24.974333333333334,0.320036,6.347580095228021,0.8809444362879222,Agility
12/19/2023,WA15,6X,369.0,180,75,90,89.3,99.2,0.0,0.0,0.0,103.74708333333332,72.78333333333333,0.232931,18.444851890435128,1.4254236317838331,Agility
12/19/2023,WA15,6X,471.8,250,88,95,99.0,100.0,0.0,0.0,0.0,120.30769444444444,60.65433333333333,0.377852,14.845526888520837,1.9834971028908808,Agility
12/19/2023,WA15,6X,1118.4,600,88,95,96.3,100.0,0.0,0.0,0.0,51.91975,43.164,0.24305,11.178028144501965,1.202848438513576,Agility
12/19/2023,WA15,6X,731.5,400,80,95,97.9,100.0,0.0,0.0,0.0,88.28158333333332,61.60455555555556,0.345226,16.361708579681096,1.4330366080430557,Agility
12/19/2023,WA15,6X,572.2,400,75,90,95.8,100.0,0.0,0.0,0.0,70.59908333333333,46.24366666666667,0.404734,11.704459507257262,1.526675724964139,Agility
12/19/2023,WA15,6X,725.1,400,75,90,91.4,99.0,0.0,0.0,0.0,31.97274647887324,46.85521126760563,0.215015,15.025638643979269,0.6823733286841093,Agility
12/19/2023,WA15,6X,178.5,200,75,90,97.5,100.0,0.0,0.0,0.0,75.17455357142856,68.76928571428572,0.305292,14.987681472778094,1.09314140448913,Agility
12/19/2023,WA15,6X,224.3,200,75,90,94.9,99.2,0.0,0.0,0.0,66.18473214285714,65.86892857142857,0.291572,15.018307909609902,1.0047944239913682,Agility
12/19/2023,WA15,6X,2229.9,800,75,90,76.4,95.2,0.0,0.0,0.0,14.47385496183206,26.22458015267176,0.073641,8.378318018220481,0.5519194159666067,Agility
12/19/2023,WA15,6X,436.1,200,75,90,92.0,99.6,0.0,0.0,0.0,22.430833333333332,34.28377777777777,0.216004,9.840362440541465,0.6542695930047902,Agility
12/19/2023,WA15,6X,3023.7,800,75,90,70.7,88.3,0.0,0.0,0.0,10.719847328244272,22.705801526717558,0.060636,6.626044972549794,0.47211930905105454,Agility
12/19/2023,WA15,6X,72.8,200,75,90,97.2,100.0,0.0,0.0,0.0,28.9128125,38.980000000000004,0.441763,10.412542170922848,0.7417345433555669,Agility
12/19/2023,WA15,6X,1446.8,800,76,95,84.8,94.4,0.0,0.0,0.0,12.753277777777779,26.413555555555558,0.155786,6.481425427256089,0.48283078553941156,Agility
12/19/2023,WA15,6X,1133.3,800,76,95,93.9,99.3,0.0,0.0,0.0,14.136777777777777,29.689000000000004,0.202886,6.096711552321483,0.476162140111751,Agility
12/19/2023,WA15,6X,651.5,600,75,90,76.3,97.8,0.0,0.0,0.0,34.65335164835165,55.853626373626376,0.112036,16.048931405329977,0.6204315439886045,Agility
12/19/2023,WA15,6X,727.5,600,75,90,78.2,98.0,0.0,0.0,0.0,34.473021978021976,57.15032967032966,0.104134,16.256362073069408,0.6031990047455333,Agility
12/19/2023,WV16,6X,1653.0,600,88,95,99.1,99.8,0.0,0.0,0.0,24.988,29.245,0.31297,8.920562408235167,0.8544366558386048,TrueBeam
12/19/2023,WV16,10FFF,6943.0,3400,76,95,96.4,100.0,0.0,0.0,0.0,9.637777777777778,17.93788888888889,0.148837,5.556379860126757,0.5372860673558761,TrueBeam
12/11/2023,NA12,6X,2837.1,1200,76,95,88.5,96.3,0.0,0.0,0.0,16.974833333333336,29.843777777777774,0.122634,7.940666928493793,0.5687896974615965,Agility
12/11/2023,NA12,6X,490.0,300,75,90,96.6,99.9,0.0,0.0,0.0,134.32744444444447,73.42388888888888,0.416512,17.898818882878043,1.829478749725718,Agility
12/11/2023,NA12,6X,297.1,180,83,95,89.6,97.1,0.0,0.0,0.0,60.65136111111111,62.77633333333333,0.221132,15.417516978197408,0.966150106108636,Agility
12/11/2023,NA12,6X,246.1,180,83,95,91.2,98.5,0.0,0.0,0.0,70.5145,63.640888888888895,0.224728,14.796351269951357,1.1080062084473992,Agility
12/11/2023,NA12,6X,373.2,200,75,90,85.6,98.0,0.0,0.0,0.0,67.46944444444445,74.57688888888889,0.177206,18.645748156711484,0.9046964206963135,Agility
12/11/2023,NA12,6X,358.4,200,75,90,78.0,93.2,0.0,0.0,0.0,54.27933333333333,73.92588888888889,0.152509,18.278384421787102,0.7342398468135504,Agility
12/11/2023,NA12,6X,212.7,200,75,90,91.4,99.4,0.0,0.0,0.0,92.17727722772275,79.43405940594059,0.218685,21.142769303403917,1.1604251113072177,Agility
12/11/2023,NA12,6X,190.7,200,75,90,93.1,98.3,0.0,0.0,0.0,95.24237623762377,78.44198019801979,0.202041,20.600660583513484,1.2141760827199017,Agility
12/11/2023,NA12,6X,298.5,200,75,90,86.7,96.7,0.0,0.0,0.0,62.2698888888889,78.86533333333334,0.147511,21.255200211548395,0.7895723793583437,Agility
12/11/2023,NA12,6X,246.3,200,75,90,85.7,97.7,0.0,0.0,0.0,80.71369444444444,84.54688888888889,0.202213,21.843939533051838,0.9546619101563629,Agility
12/11/2023,NA12,6X,1090.3,700,75,90,93.9,99.6,0.0,0.0,0.0,78.41980555555554,55.54633333333334,0.320706,16.37464953193622,1.4117908572823086,Agility
12/11/2023,NA12,6X,238.5,200,83,95,94.2,99.7,0.0,0.0,0.0,117.35177777777777,92.45500000000001,0.186578,25.569669477295044,1.2692853580420502,Agility
12/11/2023,NA12,6X,277.8,200,83,95,91.9,99.0,0.0,0.0,0.0,185.736,101.23244444444444,0.362839,25.641531547468254,1.8347477532455558,Agility
12/11/2023,NA12,6X,531.4,0,75,90,77.8,99.4,0.0,0.0,0.0,167.9944722222222,120.77233333333332,0.299243,23.21826248170681,1.3910012962865852,Agility
12/11/2023,NA12,6X,470.6,0,75,90,79.1,98.5,0.0,0.0,0.0,107.39772222222223,92.81177777777779,0.211512,23.825086889072917,1.157156179890962,Agility
12/11/2023,NA12,6X,748.4,600,75,90,91.3,97.1,0.0,0.0,0.0,38.98047169811321,48.2788679245283,0.200702,12.118622672937276,0.8074023558101909,Agility
12/11/2023,NA12,6X,841.5,600,75,90,94.4,97.6,0.0,0.0,0.0,52.74575471698113,59.71773584905661,0.250739,17.64231419060436,0.883251080555064,Agility
12/11/2023,NA12,6X,233.4,180,83,95,94.2,99.6,0.0,0.0,0.0,340.5666666666666,130.6538888888889,0.435935,30.279103797481064,2.606632451302635,Agility
12/11/2023,NA12,6X,226.2,180,83,95,94.8,99.2,0.0,0.0,0.0,174.3046666666667,114.4948888888889,0.231814,30.383819257348286,1.5223794560455879,Agility
12/11/2023,NA12,6X,243.5,180,83,95,94.6,100.0,0.0,0.0,0.0,26.619555555555554,46.90388888888889,0.085477,14.824821364912635,0.5675340826986627,Agility
12/11/2023,NA12,6X,229.8,180,83,95,85.5,97.7,0.0,0.0,0.0,105.68611111111112,97.0572222222222,0.235345,25.067981968537836,1.088905170489345,Agility
12/11/2023,NA12,6X,222.3,180,83,95,88.6,99.0,0.0,0.0,0.0,101.76308333333333,96.0908888888889,0.208198,26.506517946167335,1.059029472097019,Agility
12/11/2023,NA12,6X,191.3,180,83,95,89.0,98.3,0.0,0.0,0.0,87.45291666666668,80.21355555555554,0.281248,17.4001632965998,1.090251093608451,Agility
12/11/2023,NA12,6X,268.7,180,83,95,84.7,99.0,0.0,0.0,0.0,89.70855555555555,70.1661111111111,0.228779,18.371736733846653,1.2785168528650266,Agility
12/11/2023,EV06,6X,274.0,200,85,95,98.7,100.0,0.0,0.0,0.0,34.090583333333335,29.65211111111111,0.393523,6.892741545357628,1.149684864109357,TrueBeam
12/11/2023,EV06,6FFF,2055.0,1200,76,95,86.2,99.7,0.0,0.0,0.0,12.456555555555555,24.745111111111104,0.115054,7.667845355022813,0.5033946099341734,TrueBeam
12/11/2023,EV06,6X,273.0,200,85,95,98.2,100.0,0.0,0.0,0.0,19.276138888888887,21.521333333333335,0.330805,3.937276633326502,0.8956758668401378,TrueBeam
12/11/2023,EV06,6X,179.0,250,75,90,96.6,100.0,0.0,0.0,0.0,104.90236111111113,61.84811111111111,0.478426,11.451673062082548,1.6961287778482415,TrueBeam
12/11/2023,EV06,6X,206.0,250,75,90,96.5,100.0,0.0,0.0,0.0,95.32177777777781,53.42255555555556,0.427139,13.946894013958424,1.7842983508838344,TrueBeam
12/11/2023,EV06,6X,37.0,200,85,95,99.7,100.0,0.0,0.0,0.0,95.386875,45.86,0.686465,9.613188489902388,2.0799580244221545,TrueBeam
12/11/2023,EV06,6X,146.0,200,85,95,97.9,99.6,0.0,0.0,0.0,67.91455555555557,45.32899999999999,0.355546,11.386076375900203,1.4982584119560454,TrueBeam
12/11/2023,EV06,6X,118.0,200,85,95,89.1,100.0,0.0,0.0,0.0,80.31108333333334,56.23355555555556,0.485423,13.650022090030571,1.428170111953717,TrueBeam
12/18/2023,EA08,6X,2268.1,700,76,95,72.5,89.3,90.9,98.9,99.3,20.434805555555556,35.27422222222222,0.073256,8.610510342168809,0.5793127181322212,Agility
12/18/2023,NA12,6X,277.5,200,75,90,88.4,93.2,0.0,0.0,0.0,24.768854166666667,39.41708333333333,0.142226,9.719649457592954,0.6283786640733185,Agility
12/18/2023,NA12,6X,169.3,180,83,95,94.7,99.8,0.0,0.0,0.0,162.7001388888889,97.14922222222222,0.279467,22.207965770322676,1.6747446368301684,Agility
12/18/2023,NA12,6X,179.1,180,83,95,98.1,100.0,0.0,0.0,0.0,201.16099999999997,124.222,0.383538,22.34323183577481,1.6193669398335238,Agility
12/18/2023,NA12,6X,184.5,180,83,95,89.0,97.9,0.0,0.0,0.0,24.974305555555556,38.20166666666667,0.099361,13.872334404019206,0.65374910925934,Agility
12/18/2023,NA12,6X,218.0,180,83,95,90.2,95.7,0.0,0.0,0.0,25.99152777777778,38.64011111111112,0.113736,14.14150621092583,0.672656652126029,Agility
12/18/2023,NA12,6X,147.6,200,75,90,97.6,99.3,0.0,0.0,0.0,41.2892957746479,51.80056338028169,0.269981,11.77240951275347,0.7970819829030085,Agility
12/18/2023,NA12,6X,197.7,200,83,95,94.3,99.4,0.0,0.0,0.0,106.96880555555556,82.90622222222221,0.299292,17.801767596792782,1.2902385694144392,Agility
12/18/2023,NA12,6X,251.7,200,83,95,96.6,99.7,0.0,0.0,0.0,124.76480555555555,79.776,0.370394,19.878063576343322,1.5639390989214246,Agility
12/18/2023,NA12,6X,260.4,275,83,95,96.6,100.0,0.0,0.0,0.0,123.69147222222222,103.315,0.32677,18.68856111984057,1.1972266584931734,Agility
12/18/2023,NA12,6X,326.2,275,83,95,91.7,99.4,0.0,0.0,0.0,110.4575,91.87455555555555,0.344462,20.484761717996555,1.2022643193436462,Agility
12/18/2023,NA12,6X,1472.2,800,75,90,90.4,99.1,0.0,0.0,0.0,61.42552777777779,60.888222222222225,0.19234,16.727874641334235,1.0088244579320214,Agility
12/18/2023,NA12,6X,313.9,400,75,90,96.4,99.8,0.0,0.0,0.0,99.64775000000003,63.08311111111111,0.324316,18.197266397514632,1.579626436376703,Agility
12/18/2023,NA12,6X,304.6,400,75,90,93.5,100.0,0.0,0.0,0.0,96.37216666666666,63.26422222222223,0.315068,17.320898535814266,1.5233280878432252,Agility
12/18/2023,NA12,6X,1208.1,800,75,90,85.6,99.8,0.0,0.0,0.0,36.30227777777778,38.398555555555554,0.129,9.867380720793241,0.9454073793285049,Agility
12/18/2023,NA12,6X,565.4,400,75,90,93.6,99.6,0.0,0.0,0.0,132.16143564356435,73.19821782178218,0.377299,18.4627210969414,1.805528052135663,Agility
12/18/2023,SV02,6X,253.0,200,83,95,99.0,100.0,0.0,0.0,0.0,26.43030864197531,27.588148148148154,0.234847,7.921183868266008,0.95803127125622,TrueBeam
12/18/2023,SV02,6X,383.0,200,83,95,95.9,99.7,0.0,0.0,0.0,46.214916666666674,74.31877777777778,0.164957,20.187321054668203,0.621847103094926,TrueBeam
12/18/2023,SV02,6X,216.0,200,83,95,97.5,99.9,0.0,0.0,0.0,77.39905555555555,83.86188888888888,0.225046,16.02504260884603,0.9229347988822892,TrueBeam
12/18/2023,SV02,6X,1962.0,1200,76,95,98.9,100.0,0.0,0.0,0.0,25.713249999999995,30.15222222222222,0.199948,9.904074779624743,0.8527812580609498,TrueBeam
12/20/2023,WA15,6X,618.5,400,75,90,97.2,99.9,0.0,0.0,0.0,74.68477777777778,43.63677777777778,0.534069,10.180269837257333,1.7115099139105392,Agility
12/20/2023,WA15,6X,322.5,180,75,90,94.4,99.5,0.0,0.0,0.0,49.14261111111112,46.520777777777774,0.349962,11.641049266984766,1.0563583297308017,Agility
12/20/2023,WA15,6X,615.4,400,75,90,79.8,99.9,0.0,0.0,0.0,199.5487222222222,98.41966666666667,0.37153,23.750920859828632,2.0275289378703665,Agility
12/20/2023,WA15,6X,541.2,400,76,95,90.8,98.7,0.0,0.0,0.0,25.25466666666667,51.50500000000001,0.15277,11.321356763270968,0.4903342717535514,Agility
12/20/2023,WA15,6X,510.8,400,76,95,85.9,96.1,0.0,0.0,0.0,24.400083333333335,50.06166666666666,0.117521,14.567031021007296,0.48740053933482047,Agility
12/20/2023,WA15,6X,363.7,400,75,90,89.3,99.3,0.0,0.0,0.0,100.4095277777778,87.91777777777779,0.288516,24.34431734344796,1.142084460227991,Agility
12/20/2023,WA15,6X,362.0,400,75,90,90.7,99.6,0.0,0.0,0.0,112.72086111111109,86.347,0.295003,24.732545911101738,1.3054403871716573,Agility
12/20/2023,WA15,6X,327.9,200,75,90,89.9,98.2,0.0,0.0,0.0,63.417138888888886,77.30766666666666,0.186045,20.056804190282087,0.8203214716378568,Agility
12/20/2023,WA15,6X,340.1,200,75,90,86.7,99.3,0.0,0.0,0.0,54.05408333333334,73.67600000000002,0.159646,20.222400101502636,0.7336728830736376,Agility
12/20/2023,WA15,6X,187.3,200,80,95,95.1,98.7,0.0,0.0,0.0,46.973472222222235,57.753888888888895,0.339613,13.068731047976346,0.8133386881114308,Agility
12/20/2023,WA15,6X,189.5,200,80,95,96.4,100.0,0.0,0.0,0.0,41.13611111111111,50.13122222222223,0.293711,12.895557902785523,0.8205686852948151,Agility
12/20/2023,WA15,6X,248.7,180,83,95,90.5,98.7,0.0,0.0,0.0,72.29005555555555,65.30222222222223,0.273205,15.80471684465401,1.1070075886476551,Agility
12/20/2023,WA15,6X,268.6,180,83,95,93.0,98.9,0.0,0.0,0.0,72.38369444444444,66.17822222222222,0.282885,15.786599511496833,1.0937690982599177,Agility
12/20/2023,WA15,6X,830.9,600,83,95,88.3,99.7,0.0,0.0,0.0,47.54375,59.888111111111115,0.215114,17.883066651743405,0.7938762655544691,Agility
12/20/2023,WA15,6X,910.6,600,83,95,88.9,99.7,0.0,0.0,0.0,48.63422222222222,60.34466666666667,0.223387,17.77953903370239,0.8059406888577099,Agility
12/20/2023,WA15,6X,1157.7,500,88,95,97.9,100.0,0.0,0.0,0.0,4.91386111111111,12.70688888888889,0.167186,3.3015351892271374,0.38670843461989113,Agility
12/20/2023,WA15,6X,573.9,180,75,90,83.5,98.7,0.0,0.0,0.0,19.985194444444446,43.78011111111111,0.139822,12.425848945365777,0.45649026320932135,Agility
12/20/2023,WA15,6X,74.0,180,75,90,92.0,94.7,0.0,0.0,0.0,30.091562500000002,41.894999999999996,0.209124,9.779353420618104,0.7182614273779688,Agility
12/20/2023,WA15,6X,240.5,150,75,90,86.9,99.7,0.0,0.0,0.0,175.07888888888888,136.16666666666666,0.241116,31.983774815425374,1.2857690738474092,Agility
12/20/2023,WA15,6X,240.5,250,75,90,90.5,96.4,0.0,0.0,0.0,8.470694444444444,36.37711111111112,0.035159,14.199228634059953,0.23285781046689913,Agility
12/20/2023,WA15,6X,310.7,250,75,90,88.4,98.1,0.0,0.0,0.0,7.605138888888889,32.10433333333334,0.040464,18.735244555731615,0.23688823592522987,Agility
12/20/2023,WA15,6X,395.6,250,75,90,90.5,95.3,0.0,0.0,0.0,13.374861111111109,46.04211111111111,0.063515,18.34070513151913,0.29049191682010905,Agility
12/20/2023,WA15,6X,313.7,250,75,90,78.9,91.4,0.0,0.0,0.0,14.35586111111111,44.361000000000004,0.059396,16.652049145143774,0.3236144611508106,Agility
12/20/2023,WA15,6X,225.1,150,75,90,96.8,99.9,0.0,0.0,0.0,201.37499999999997,136.79266666666666,0.234703,28.81121839763526,1.472118388412634,Agility
12/20/2023,EA05,6X,3023.7,800,75,90,70.7,88.3,82.9,88.1,96.9,10.719847328244272,22.705801526717558,0.060636,6.626044972549794,0.47211930905105454,Agility
12/20/2023,WA15,6X,499.5,200,75,90,62.2,99.2,0.0,0.0,0.0,127.2787777777778,93.17366666666666,0.148425,23.33177121412428,1.3660380913538999,Agility
12/20/2023,WA15,6X,406.3,200,75,90,67.5,96.7,0.0,0.0,0.0,50.05361111111112,69.24022222222223,0.111147,19.560883455561893,0.7228978981388468,Agility
12/20/2023,WA15,6X,309.7,200,75,90,71.0,97.3,0.0,0.0,0.0,55.865992366412215,68.02045801526718,0.148978,19.043611843111535,0.821311617070751,Agility
12/20/2023,EV06,6FFF,1536.0,750,76,95,83.4,99.8,0.0,0.0,0.0,20.628249999999998,37.67177777777778,0.135886,10.499210003457886,0.5475783521999964,TrueBeam
12/20/2023,EV06,6X,158.0,180,85,95,99.6,99.9,0.0,0.0,0.0,52.882444444444445,47.98255555555556,0.366803,10.577704582672666,1.1021181308947927,TrueBeam
12/20/2023,EV06,6X,130.0,180,85,95,99.5,100.0,0.0,0.0,0.0,52.27936111111111,50.57288888888888,0.363896,9.233451374599444,1.0337428266352635,TrueBeam
12/20/2023,EV06,6X,264.0,250,83,95,96.6,99.9,0.0,0.0,0.0,80.85397222222223,115.55677777777778,0.251959,20.710693569110898,0.6996904359665427,TrueBeam
12/20/2023,EV06,6X,267.0,250,83,95,97.0,99.8,0.0,0.0,0.0,61.359444444444435,115.59977777777777,0.174128,20.73422561965277,0.530792062268478,TrueBeam
12/20/2023,EV06,6X,177.0,200,83,95,97.9,99.7,0.0,0.0,0.0,61.87864864864865,67.02342342342342,0.222357,18.361182377397377,0.9232391526426152,TrueBeam
12/20/2023,EV06,6X,208.0,200,83,95,98.2,99.4,0.0,0.0,0.0,57.59274774774775,64.99549549549549,0.154085,18.35508147540504,0.8861036800887103,TrueBeam
